ana.popescu@email.com,Ana Popescu,AnaP,PopAna#123
radu.ionescu@email.com,Radu Ionescu,RaduI,IonRadu@456
maria.dumitrescu@email.com,Maria Dumitrescu,MariaD,DumMaria$789
adrian.stan@email.com,Adrian Stan,AdiS,StanAdrian*123
elena.vasile@email.com,Elena Vasile,EleV,VasElena!456
andrei.popa@email.com,Andrei Popa,AndP,PopAndrei%789
ioana.gheorghe@email.com,Ioana Gheorghe,IoanaG,GheIoana^123
florin.munteanu@email.com,Florin Munteanu,FloM,MunFlorin@456
camelia.marin@email.com,Camelia Marin,CamM,MarCamelia*789
alexandru.stoica@email.com,Alexandru Stoica,AleS,StoAlexandru!123
gabriela.radu@email.com,Gabriela Radu,GabR,RaduGabriela^456
ion.barbu@email.com,Ion Barbu,IonB,BarbuIon@789
raluca.moldovan@email.com,Raluca Moldovan,RalM,MolRaluca*123
mircea.dragomir@email.com,Mircea Dragomir,MirD,DraMircea!456
larisa.marinescu@email.com,Larisa Marinescu,LarM,MarLarisa^789
bogdan.ciobanu@email.com,Bogdan Ciobanu,BogC,CioBogdan*123
andreea.stanescu@email.com,Andreea Stanescu,AndS,StaAndreea!456
silviu.ungureanu@email.com,Silviu Ungureanu,SilU,UngSilviu^789
oana.cojocaru@email.com,Oana Cojocaru,OanC,CojOana*123
andrei.popescu@email.com,Andrei Popescu,AndP,PopAndrei!456
alina.iacob@email.com,Alina Iacob,AliI,IacAlina^789
cristian.vasilescu@email.com,Cristian Vasilescu,CriV,VasCristian*123
elena.stanescu@email.com,Elena Stanescu,EleS,StaElena!456
adrian.tudor@email.com,Adrian Tudor,AdiT,TudAdrian^789
roxana.dumitrascu@email.com,Roxana Dumitrascu,RoxD,DumRoxana*123
marius.radulescu@email.com,Marius Radulescu,MarR,RadulescuMarius!456
ana.dumitru@email.com,Ana Dumitru,AnaD,DumitruAna^789
gabriel.ciocan@email.com,Gabriel Ciocan,GabC,CiocanGabriel*123
laura.preda@email.com,Laura Preda,LauP,PreLaura!456
radu.stefanescu@email.com,Radu Stefanescu,RadS,SteRadu^789
elena.popovici@email.com,Elena Popovici,EleP,PopElena*123
bogdan.oprea@email.com,Bogdan Oprea,BogO,OpreaBogdan!456
adriana.gheorghiu@email.com,Adriana Gheorghiu,AdrG,GheAdriana^789
valentin.ivan@email.com,Valentin Ivan,ValI,IvanValentin*123
ana-maria.nistor@email.com,Ana-Maria Nistor,AnaN,NisAnaMaria!456
george.serban@email.com,George Serban,GeoS,SerbanGeorge^789
diana.radu@email.com,Diana Radu,DiaR,RaduDiana*123
ionut.simion@email.com,Ionut Simion,IonS,SimionIonut!456
loredana.stan@email.com,Loredana Stan,LorS,StanLoredana^789
robert.dima@email.com,Robert Dima,RobD,DimRobert*123
gabriela.varga@email.com,Gabriela Varga,GabV,VarGabriela!456
victor.pop@email.com,Victor Pop,VicP,PopVictor^789
raluca.ilie@email.com,Raluca Ilie,RalI,IlieRaluca*123
florin.neacsu@email.com,Florin Neacsu,FloN,NeacsuFlorin!456
ana-maria.popa@email.com,Ana-Maria Popa,AnaP,PopaAnaMaria^789
gabriel.stanescu@email.com,Gabriel Stanescu,GabS,StaGabriel*123
larisa.popescu@email.com,Larisa Popescu,LarP,PopLarisa!456
alexandru.petrescu@email.com,Alexandru Petrescu,AleP,PetrescuAlexandru^789
elena.mihai@email.com,Elena Mihai,EleM,MihaiElena*123
radu.iacob@email.com,Radu Iacob,RadI,IacRadu!456
mihaela.albu@email.com,Mihaela Albu,MihA,AlbuMihaela^789
adrian.popovici@email.com,Adrian Popovici,AdrP,PopoviciAdrian*123
roxana.moldovan@email.com,Roxana Moldovan,RoxM,MoldovanRoxana!456
mihai.stanescu@email.com,Mihai Stanescu,MihS,StanMihai^789
andreea.tudor@email.com,Andreea Tudor,AndT,TudAndreea*123
cosmin.popa@email.com,Cosmin Popa,CosP,PopaCosmin!456
iulia.vasile@email.com,Iulia Vasile,IulV,VasileIulia^789
ionut.munteanu@email.com,Ionut Munteanu,IonM,MunIonut*123
irina.iliescu@email.com,Irina Iliescu,IriI,IliescuIrina^789
stefan.radu@email.com,Stefan Radu,SteR,RaduStefan*123
elena.popescu@email.com,Elena Popescu,EleP,PopElena!456
costin.stanciu@email.com,Costin Stanciu,CosS,StanciuCostin^789
roxana.serban@email.com,Roxana Serban,RoxS,SerbanRoxana*123
marius.popovici@email.com,Marius Popovici,MarP,PopoviciMarius!456
alexandra.negreanu@email.com,Alexandra Negreanu,AleN,NegreanuAlexandra^789
florin.vasile@email.com,Florin Vasile,FloV,VasileFlorin*123
andreea.stan@email.com,Andreea Stan,AndS,StanAndreea!456
liviu.nistor@email.com,Liviu Nistor,LivN,NisLiviu^789
mihaela.cojocaru@email.com,Mihaela Cojocaru,MihC,CojocaruMihaela*123
victor.serban@email.com,Victor Serban,VicS,SerbanVictor!456
maria.stanescu@email.com,Maria Stanescu,MarS,StanMaria^789
gabriel.tudor@email.com,Gabriel Tudor,GabT,TudorGabriel*123
elena.gheorghe@email.com,Elena Gheorghe,EleG,GheorgheElena!456
catalin.popescu@email.com,Catalin Popescu,CatP,PopescuCatalin^789
simona.preda@email.com,Simona Preda,SimP,PredaSimona*123
daniel.ilie@email.com,Daniel Ilie,DanI,IlieDaniel!456
mihaela.marin@email.com,Mihaela Marin,MihM,MarinMihaela^789
radu.popovici@email.com,Radu Popovici,RadP,PopoviciRadu*123
ana-maria.albu@email.com,Ana-Maria Albu,AnaA,AlbuAnaMaria!456
andrei.ionescu@email.com,Andrei Ionescu,AndI,IonescuAndrei^789
gabriela.cretu@email.com,Gabriela Cretu,GabC,CretuGabriela*123
florin.stan@email.com,Florin Stan,FloS,StanFlorin!456
alina.popescu@email.com,Alina Popescu,AliP,PopescuAlina^789
stefan.marin@email.com,Stefan Marin,SteM,MarinStefan*123
ioana.vasile@email.com,Ioana Vasile,IoanV,VasileIoana!456
alexandru.barbu@email.com,Alexandru Barbu,AleB,BarbuAlexandru^789
maria.dumitru@email.com,Maria Dumitru,MarD,DumitruMaria*123
radu.andreescu@email.com,Radu Andreescu,RadA,AndreescuRadu!456
elena.ivan@email.com,Elena Ivan,EleI,IvanElena^789
adrian.pop@email.com,Adrian Pop,AdrP,PopAdrian*123
loredana.gheorghiu@email.com,Loredana Gheorghiu,LorG,GheorghiuLoredana!456
florin.cojocaru@email.com,Florin Cojocaru,FloC,CojocaruFlorin^789
andreea.radulescu@email.com,Andreea Radulescu,AndR,RadulescuAndreea*123
catalin.popa@email.com,Catalin Popa,CatP,PopaCatalin!456
mihaela.barbu@email.com,Mihaela Barbu,MihB,BarbuMihaela^789
valentin.ilie@email.com,Valentin Ilie,ValI,IlieValentin*123
roxana.dragomir@email.com,Roxana Dragomir,RoxD,DragomirRoxana!456
ionut.ungureanu@email.com,Ionut Ungureanu,IonU,UngureanuIonut^789
alina.stoica@email.com,Alina Stoica,AliS,StoicaAlina*123
andrei.ivan@email.com,Andrei Ivan,AndI,IvanAndrei!456
raluca.preda@email.com,Raluca Preda,RalP,PredaRaluca^789
vlad.iliescu@email.com,Vlad Iliescu,VlaI,IliescuVlad*123
ioana.radu@email.com,Ioana Radu,IoanR,RaduIoana!456
lucian.popescu@email.com,Lucian Popescu,LucP,PopescuLucian^789
maria.dragomir@email.com,Maria Dragomir,MarD,DragomirMaria*123
ionut.albu@email.com,Ionut Albu,IonA,AlbuIonut!456
gabriela.radulescu@email.com,Gabriela Radulescu,GabR,RadulescuGabriela^789
mihai.stoian@email.com,Mihai Stoian,MihS,StoianMihai*123
elena.moldovan@email.com,Elena Moldovan,EleM,MoldovanElena!456
catalin.marin@email.com,Catalin Marin,CatM,MarinCatalin^789
gabriela.nistor@email.com,Gabriela Nistor,GabN,NistorGabriela*123
radu.cojocaru@email.com,Radu Cojocaru,RadC,CojocaruRadu^789
larisa.popa@email.com,Larisa Popa,LarP,PopaLarisa*123
alin.stanescu@email.com,Alin Stanescu,AliS,StanAlin!456
adriana.popovici@email.com,Adriana Popovici,AdrP,PopoviciAdriana^789
valentin.barbu@email.com,Valentin Barbu,ValB,BarbuValentin*123
andreea.ilie@email.com,Andreea Ilie,AndI,IlieAndreea!456
stefan.preda@email.com,Stefan Preda,SteP,PredaStefan^789
roxana.nistor@email.com,Roxana Nistor,RoxN,NistorRoxana*123
radu.simion@email.com,Radu Simion,RadS,SimionRadu!456
irina.ionescu@email.com,Irina Ionescu,IriI,IonescuIrina^789
daniel.cojocaru@email.com,Daniel Cojocaru,DanC,CojocaruDaniel*123
maria.stan@email.com,Maria Stan,MarS,StanMaria!456
gabriel.vasile@email.com,Gabriel Vasile,GabV,VasileGabriel^789
ana-maria.dragomir@email.com,Ana-Maria Dragomir,AnaD,DragomirAnaMaria*123